file_name,unformatted_answer,time_elapsed
361072_cpu_act,2.248,688.1841893196106
361076_wine_quality,0.627,190.95270204544067
361279_yprop_4_1,0.031,408.09938406944275
361280_abalone,2.151,262.94165301322937
