file_name,unformatted_answer,time_elapsed
361093_analcatdata_supreme,0.086,42.88544821739197
361094_visualizing_soil,0.14,98.3886559009552
361288_abalone,2.137,280.5034599304199
