file_name,unformatted_answer,time_elapsed
361070_eye_movements,0.671,620.2378752231598
361278_heloc,0.795,254.85775685310364
