file_name,unformatted_answer,time_elapsed
361111_eye_movements,0.685,387.49659419059753
361286_compas-two-years,0.725,243.82939195632935
