file_name,unformatted_answer,time_elapsed
361072_cpu_act,2.268,270.60370206832886
361076_wine_quality,0.621,219.65764689445496
361279_yprop_4_1,0.031,8882.7007958889
361280_abalone,2.139,192.11952590942383
