file_name,unformatted_answer,time_elapsed
361093_analcatdata_supreme,0.086,93.46149492263794
361094_visualizing_soil,0.14,145.8981499671936
361288_abalone,2.127,222.6313931941986
